SiteID,Node
158,Below_GRA_Obs
15D,Below_GRA_Obs
15R,Below_GRA_Obs
18M,18MA0
18M,18MB0
18N,Below_GRA_Obs
30M,Below_GRA_Obs
3D1,Below_GRA_Obs
3D2,Below_GRA_Obs
3D3,Below_GRA_Obs
3D4,Below_GRA_Obs
85M,Below_GRA_Obs
AB1,Below_GRA_Obs
AB2,Below_GRA_Obs
AB3,Below_GRA_Obs
AB4,Below_GRA_Obs
ACB,ACB
ACB,ACBA0
ACB,ACBB0
ACM,ACMA0
ACM,ACMB0
AEN,Below_GRA_Obs
AFC,AFC
AGC,AGCA0
AGC,AGCB0
ANT,Below_GRA_Obs
B1J,Below_GRA_Obs
B2A,Below_GRA_Obs
B2J,Below_GRA_Obs
BBA,BBA
BBP,Below_GRA_Obs
BBT,Below_GRA_Obs
BCC,Below_GRA_Obs
BCP,Below_GRA_Obs
BDP,Below_GRA_Obs
BGM,Below_GRA_Obs
BHC,BHCA0
BHC,BHCB0
BHL,Below_GRA_Obs
BMT,Below_GRA_Obs
BO1,Below_GRA_Obs
BO2,Below_GRA_Obs
BO3,Below_GRA_Obs
BO4,Below_GRA_Obs
BPC,Below_GRA_Obs
BR0,Below_GRA_Obs
BR1,Below_GRA_Obs
BR2,Below_GRA_Obs
BR3,Below_GRA_Obs
BRC,BRC
BSC,BSCA0
BSC,BSCB0
BSH,Below_GRA_Obs
BTC,BTCA0
BTC,BTCB0
BTL,BTLA0
BTL,BTLB0
BTM,BTMA0
BTM,BTMB0
BTU,BTUA0
BTU,BTUB0
BVC,Below_GRA_Obs
BVJ,Below_GRA_Obs
BVP,Below_GRA_Obs
BVT,Below_GRA_Obs
BVX,Below_GRA_Obs
BWL,Below_GRA_Obs
CAC,CACA0
CAC,CACB0
CAL,Below_GRA_Obs
CAP,Below_GRA_Obs
CBL,Below_GRA_Obs
CBS,Below_GRA_Obs
CCA,CCA
CCA,CCAA0
CCA,CCAB0
CCC,Below_GRA_Obs
CCM,Below_GRA_Obs
CCP,AB_CCW
CCS,Below_GRA_Obs
CCT,Below_GRA_Obs
CCW,CCWA0
CCW,CCWB0
CDP,Below_GRA_Obs
CEY,AB_YNK
CFD,Below_GRA_Obs
CFF,Below_GRA_Obs
CFJ,Below_GRA_Obs
CGJ,Below_GRA_Obs
CHL,Below_GRA_Obs
CHM,Below_GRA_Obs
CHN,CHN
CHP,Below_GRA_Obs
CHS,CHS
CHU,Below_GRA_Obs
CHW,Below_GRA_Obs
CIC,Below_GRA_Obs
CJP,Below_GRA_Obs
CLC,CLC
CLE,Below_GRA_Obs
CLJ,CLEARWATER_OBS
CLP,Below_GRA_Obs
CMP,CMPA0
CMP,CMPB0
COC,COCA0
COC,COCB0
COP,Below_GRA_Obs
CR1,Below_GRA_Obs
CR2,Below_GRA_Obs
CR3,Below_GRA_Obs
CRC,CRCA0
CRC,CRCB0
CRT,AB_SC2
CRU,Below_GRA_Obs
CRW,Below_GRA_Obs
CWP,Below_GRA_Obs
CZY,CZYA0
CZY,CZYB0
DBH,Below_GRA_Obs
DBO,Below_GRA_Obs
DRM,Below_GRA_Obs
DRP,Below_GRA_Obs
DSF,Below_GRA_Obs
DWL,CLEARWATER_OBS
DXP,Below_GRA_Obs
EBO,Below_GRA_Obs
ECH,Below_GRA_Obs
ECL,Below_GRA_Obs
EFD,Below_GRA_Obs
EHL,Below_GRA_Obs
EMC,Below_GRA_Obs
ENA,Below_GRA_Obs
ENF,Below_GRA_Obs
ENL,Below_GRA_Obs
ENM,Below_GRA_Obs
ENS,Below_GRA_Obs
ESJ,Below_GRA_Obs
ESS,ESSA0
ESS,ESSB0
ESX,Below_GRA_Obs
EWC,Below_GRA_Obs
FDC,Below_GRA_Obs
FDD,Below_GRA_Obs
FOL,Below_GRA_Obs
FOS,Below_GRA_Obs
FST,Below_GRA_Obs
GL2,Below_GRA_Obs
GLC,Below_GRA_Obs
GOA,Below_GRA_Obs
GOJ,Below_GRA_Obs
GRA,GRA
GRJ,Below_GRA_Obs
GRP,GRP
GRX,Below_GRA_Obs
GWP,Below_GRA_Obs
HEC,HECA0
HEC,HECB0
HLM,HLMA0
HLM,HLMB0
HLX,Below_GRA_Obs
HN1,Below_GRA_Obs
HN2,Below_GRA_Obs
HN3,Below_GRA_Obs
HRM,Below_GRA_Obs
HS1,Below_GRA_Obs
HS2,Below_GRA_Obs
HSL,Below_GRA_Obs
HSM,Below_GRA_Obs
HST,Below_GRA_Obs
HSU,Below_GRA_Obs
HYC,HYC
HYC,HYCA0
HYC,HYCB0
ICH,Below_GRA_Obs
ICL,Below_GRA_Obs
ICM,Below_GRA_Obs
ICU,Below_GRA_Obs
IHA,Below_GRA_Obs
IMJ,SNAKE_OBS
IML,IML_C0
IML,IML_B0
IML,IML_A0
IR1,IR1
IR2,IR2
IR3,IR3A0
IR3,IR3B0
IR4,IR4A0
IR4,IR4B0
IR5,IR5A0
IR5,IR5B0
JCJ,Below_GRA_Obs
JD1,Below_GRA_Obs
JDJ,Below_GRA_Obs
JDM,Below_GRA_Obs
JO1,Below_GRA_Obs
JO2,Below_GRA_Obs
JOC,JOCA0
JOC,JOCB0
JOH,Below_GRA_Obs
JPT,Below_GRA_Obs
JUL,JUL
KCB,Below_GRA_Obs
KEN,KENA0
KEN,KENB0
KEN,KEN
KHS,KHSA0
KHS,KHSB0
KLR,Below_GRA_Obs
KRS,KRS
LAP,LAPA0
LAP,LAPB0
LB8,LB8A0
LB8,LB8B0
LBC,Below_GRA_Obs
LBS,LBSA0
LBS,LBSB0
LBT,Below_GRA_Obs
LC1,LC1
LC2,LC2
LCL,LCLA0
LCL,LCLB0
LD1,Below_GRA_Obs
LD2,Below_GRA_Obs
LD3,Below_GRA_Obs
LD4,Below_GRA_Obs
LEA,Below_GRA_Obs
LEL,Below_GRA_Obs
LFF,Below_GRA_Obs
LHC,Below_GRA_Obs
LKR,Below_GRA_Obs
LLC,Below_GRA_Obs
LLR,LLR
LLR,LLRA0
LLR,LLRB0
LLS,LLSA0
LLS,LLSB0
LMA,Below_GRA_Obs
LMC,Below_GRA_Obs
LMJ,Below_GRA_Obs
LMR,Below_GRA_Obs
LMT,Below_GRA_Obs
LNF,Below_GRA_Obs
LNR,Below_GRA_Obs
LOP,Below_GRA_Obs
LOR,Below_GRA_Obs
LRL,LRL
LRU,LRU
LRW,LRW
LRW,LRWA0
LRW,LRWB0
LTP,Below_GRA_Obs
LTR,LTR
LTR,LTRA0
LTR,LTRB0
LWC,LWCA0
LWC,LWCB0
LWD,Below_GRA_Obs
LWE,Below_GRA_Obs
LWL,Below_GRA_Obs
LWN,Below_GRA_Obs
M3R,Below_GRA_Obs
MAD,Below_GRA_Obs
MC1,Below_GRA_Obs
MC2,Below_GRA_Obs
MCD,Below_GRA_Obs
MCI,Below_GRA_Obs
MCJ,Below_GRA_Obs
MCL,Below_GRA_Obs
MCX,Below_GRA_Obs
MDR,Below_GRA_Obs
MEG,Below_GRA_Obs
MHB,Below_GRA_Obs
MHP,Below_GRA_Obs
MIS,MISA0
MIS,MISB0
MJ1,Below_GRA_Obs
MRB,Below_GRA_Obs
MRC,Below_GRA_Obs
MRT,Below_GRA_Obs
MRW,Below_GRA_Obs
MSB,Below_GRA_Obs
MSC,Below_GRA_Obs
MSH,Below_GRA_Obs
MTD,Below_GRA_Obs
MTR,MTRA0
MTR,MTRB0
MVF,Below_GRA_Obs
MVP,Below_GRA_Obs
MWC,Below_GRA_Obs
MWE,Below_GRA_Obs
MWF,Below_GRA_Obs
NAL,Below_GRA_Obs
NAS,Below_GRA_Obs
NAU,Below_GRA_Obs
NBA,Below_GRA_Obs
NES,Below_GRA_Obs
NFS,NFSA0
NFS,NFSB0
NFT,Below_GRA_Obs
NFW,Below_GRA_Obs
NMC,Below_GRA_Obs
NSB,Below_GRA_Obs
NSM,Below_GRA_Obs
NSS,Below_GRA_Obs
OBF,Below_GRA_Obs
OKC,Below_GRA_Obs
OKI,Below_GRA_Obs
OKL,Below_GRA_Obs
OKP,Below_GRA_Obs
OKS,Below_GRA_Obs
OKV,Below_GRA_Obs
OKW,Below_GRA_Obs
OMF,Below_GRA_Obs
OMK,Below_GRA_Obs
OMP,Below_GRA_Obs
ONC,Below_GRA_Obs
ORB,Below_GRA_Obs
PAT,Below_GRA_Obs
PCA,PCAA0
PCA,PCAB0
PCM,PCMA0
PCM,PCMB0
PD1,Below_GRA_Obs
PD2,Below_GRA_Obs
PD7,Below_GRA_Obs
PEL,Below_GRA_Obs
PES,Below_GRA_Obs
PEU,Below_GRA_Obs
PRA,Below_GRA_Obs
PRH,Below_GRA_Obs
PRJ,Below_GRA_Obs
PRO,Below_GRA_Obs
PRV,Below_GRA_Obs
RBF,Below_GRA_Obs
RCJ,Below_GRA_Obs
RCL,Below_GRA_Obs
RCS,Below_GRA_Obs
RCT,Below_GRA_Obs
RCX,Below_GRA_Obs
RFL,AB_USI
RFP,Below_GRA_Obs
RIA,Below_GRA_Obs
ROZ,Below_GRA_Obs
RPJ,RAPH
RRF,Below_GRA_Obs
RRJ,Below_GRA_Obs
RRT,AB_SC2
RSB,Below_GRA_Obs
RSH,Below_GRA_Obs
RVP,Below_GRA_Obs
RZF,Below_GRA_Obs
S2I,AB_LLR
S2O,AB_LLR
SA0,Below_GRA_Obs
SA1,Below_GRA_Obs
SAJ,SALMON_OBS
SAT,Below_GRA_Obs
SC1,SC1
SC2,SC2
SCL,Below_GRA_Obs
SCP,Below_GRA_Obs
SFG,SFG
SFL,Below_GRA_Obs
SGP,Below_GRA_Obs
SHK,Below_GRA_Obs
SHP,Below_GRA_Obs
SIP,Below_GRA_Obs
SJ1,Below_GRA_Obs
SJ2,Below_GRA_Obs
SKA,Below_GRA_Obs
SND,Below_GRA_Obs
SNJ,SNAKE_OBS
SR1,Below_GRA_Obs
SR2,Below_GRA_Obs
SSC,Below_GRA_Obs
SSJ,Below_GRA_Obs
STL,STL_A0
STL,STL_B0
STR,STR_A0
STR,STR_B0
SUC,Below_GRA_Obs
SUJ,Below_GRA_Obs
SUN,Below_GRA_Obs
SW1,SW1
SW2,SW2
SWC,Below_GRA_Obs
SWK,Below_GRA_Obs
SWT,SWTA0
SWT,SWTB0
TAN,Below_GRA_Obs
TAY,TAYA0
TAY,TAYB0
TC4,Below_GRA_Obs
TCM,Below_GRA_Obs
TCT,Below_GRA_Obs
TD1,Below_GRA_Obs
TD2,Below_GRA_Obs
TFH,AB_UTR
TLT,Below_GRA_Obs
TMA,Below_GRA_Obs
TMF,Below_GRA_Obs
TMJ,Below_GRA_Obs
TNK,Below_GRA_Obs
TON,Below_GRA_Obs
TOP,Below_GRA_Obs
TR1,Below_GRA_Obs
TR2,Below_GRA_Obs
TRC,Below_GRA_Obs
TUF,Below_GRA_Obs
TWR,Below_GRA_Obs
TWX,Below_GRA_Obs
TY1,Below_GRA_Obs
TY2,Below_GRA_Obs
TY3,Below_GRA_Obs
TY4,Below_GRA_Obs
UCT,Below_GRA_Obs
UGR,UGR
UGS,UGSA0
UGS,UGSB0
UM1,Below_GRA_Obs
UM2,Below_GRA_Obs
UMC,Below_GRA_Obs
UMF,Below_GRA_Obs
UMR,Below_GRA_Obs
UMT,Below_GRA_Obs
UMW,Below_GRA_Obs
UNT,Below_GRA_Obs
UPT,Below_GRA_Obs
URT,Below_GRA_Obs
USE,USE
USI,USI
UTR,UTRA0
UTR,UTRB0
UWE,Below_GRA_Obs
VC1,AB_VC2
VC2,VC2
VC2,VC2A0
VC2,VC2B0
WAJ,Below_GRA_Obs
WAN,Below_GRA_Obs
WEA,Below_GRA_Obs
WEB,WEBA0
WEB,WEBB0
WEH,Below_GRA_Obs
WEJ,Below_GRA_Obs
WEN,WENA0
WEN,WENB0
WFC,Below_GRA_Obs
WFF,Below_GRA_Obs
WHC,Below_GRA_Obs
WHS,Below_GRA_Obs
WL1,Below_GRA_Obs
WL2,Below_GRA_Obs
WLT,Below_GRA_Obs
WPC,WPCA0
WPC,WPCB0
WPJ,Below_GRA_Obs
WPT,Below_GRA_Obs
WR1,WR1
WR2,WR2A0
WR2,WR2B0
WRP,Below_GRA_Obs
WRU,Below_GRA_Obs
WSH,Below_GRA_Obs
WSR,Below_GRA_Obs
WTL,Below_GRA_Obs
WW1,Below_GRA_Obs
WW2,Below_GRA_Obs
Y1J,Below_GRA_Obs
YFK,YFKA0
YFK,YFKB0
YHC,Below_GRA_Obs
YPP,YPPA0
YPP,YPPB0
ZEN,ZENA0
ZEN,ZENB0
ZSL,Below_GRA_Obs
RFA,RFA
RFB,RFB
TRB,TRB
TST,TST
WE1,Below_GRA_Obs
WE2,Below_GRA_Obs
15MILC,Below_GRA_Obs
1890SC,Below_GRA_Obs
18MILC,AB_18M
21MILC,Below_GRA_Obs
30MILC,Below_GRA_Obs
30ML2C,Below_GRA_Obs
3LINKC,AB_SW2
3MILC,Below_GRA_Obs
3MILIS,Below_GRA_Obs
4JUL2C,SALMON_OBS
4JULYC,AB_SWT
9MILEC,Below_GRA_Obs
ABEH,Below_GRA_Obs
ABERC,Below_GRA_Obs
AENEAC,Below_GRA_Obs
AGNCYC,AB_AGC
AHSH,Below_GRA_Obs
AHTANC,Below_GRA_Obs
AHTANF,Below_GRA_Obs
AHTASF,AHTASF
ALEXC,AB_ZEN
ALMOTC,ALMOTC
ALPOWC,ALPOWC
ALTULC,AB_SWT
ALTURL,AB_SWT
AMERIR,Below_GRA_Obs
AMERR,AB_SC2
ANTELC,Below_GRA_Obs
ANTOIC,Below_GRA_Obs
APROOK,Below_GRA_Obs
ASOTIC,ASOTIC
ASOTNF,AB_AFC
ASOTSF,AB_AFC
BAD,Below_GRA_Obs
BADGEI,Below_GRA_Obs
BAKEOC,Below_GRA_Obs
BANKSL,Below_GRA_Obs
BARGAC,SALMON_OBS
BARNAC,Below_GRA_Obs
BASINC,AB_HYC
BASN2C,AB_BTU
BASN3C,AB_YNK
BBC,Below_GRA_Obs
BBCTRP,BBCTRP
BCANF,AB_WR1
BCCAP,CLEARWATER_OBS
BCHINL,Below_GRA_Obs
BCKHRC,AB_KRS
BCKROC,Below_GRA_Obs
BCL,Below_GRA_Obs
BCLFBY,Below_GRA_Obs
BCLTAL,Below_GRA_Obs
BCTRAP,Below_GRA_Obs
BEAR2C,Below_GRA_Obs
BEAR3C,Below_GRA_Obs
BEAR4C,AB_SALSFW
BEAR5C,Below_GRA_Obs
BEARC,AB_SW2
BEARVC,AB_BRC
BEAV2C,Below_GRA_Obs
BEAV3C,Below_GRA_Obs
BEAV3P,Below_GRA_Obs
BEAV4C,AB_TAY
BEAVC,MFSR_OBS
BEAVEC,AB_SWT
BEDRKC,CLEARWATER_OBS
BEECEF,Below_GRA_Obs
BEECHC,Below_GRA_Obs
BERRYC,Below_GRA_Obs
BGMTAL,Below_GRA_Obs
BIDDLP,Below_GRA_Obs
BIG1C,Below_GRA_Obs
BIG2C,AB_TAY
BIG2CT,AB_TAY
BIG3C,Below_GRA_Obs
BIG8MC,BIG8MC
BIGB2C,AB_LRW
BIGBEC,AB_BBA
BIGC,Below_GRA_Obs
BIGCAC,CLEARWATER_OBS
BIGFLC,AB_LRU
BIGMAC,SALMON_OBS
BIGMEC,Below_GRA_Obs
BIGSPC,AB_LBS
BIGWSP,Below_GRA_Obs
BIRCHC,Below_GRA_Obs
BIRCHE,Below_GRA_Obs
BIRCHW,Below_GRA_Obs
BLDRCK,Below_GRA_Obs
BLDRNF,Below_GRA_Obs
BLDRSF,Below_GRA_Obs
BLKBAS,Below_GRA_Obs
BLNDSL,Below_GRA_Obs
BLUEC,Below_GRA_Obs
BO1BYP,Below_GRA_Obs
BO1GWL,Below_GRA_Obs
BO2BCC,Below_GRA_Obs
BO2BYP,Below_GRA_Obs
BO2GAT,Below_GRA_Obs
BO2GWL,Below_GRA_Obs
BO2ORI,Below_GRA_Obs
BO2RRR,Below_GRA_Obs
BOBSC,AB_JUL
BOHANC,AB_BHC
BOHEFC,AB_BHC
BON,Below_GRA_Obs
BONAFF,Below_GRA_Obs
BONAPC,Below_GRA_Obs
BONH,Below_GRA_Obs
BONLD1,Below_GRA_Obs
BONLD2,Below_GRA_Obs
BONLD3,Below_GRA_Obs
BONMRT,Below_GRA_Obs
BONP,Below_GRA_Obs
BOSTCC,Below_GRA_Obs
BOUL2C,SALMON_OBS
BOUL3C,AB_JUL
BOULDC,AB_LRU
BOUNDC,MFSR_OBS
BOUTRP,AB_LRU
BRAMYC,AB_TAY
BRDG2C,Below_GRA_Obs
BRDG3C,Below_GRA_Obs
BREITR,Below_GRA_Obs
BRENNC,Below_GRA_Obs
BRIDGC,Below_GRA_Obs
BRIDWB,Below_GRA_Obs
BRUS2C,Below_GRA_Obs
BRUSHC,AB_LRU
BSHEEC,AB_BSC
BSHPCK,Below_GRA_Obs
BTIMBC,BTIMBC
BUCK2C,AB_TAY
BUCK3C,Below_GRA_Obs
BUCK4C,AB_HYC
BUCKAP,Below_GRA_Obs
BUCKC,Below_GRA_Obs
BUCKHC,Below_GRA_Obs
BUCKSL,Below_GRA_Obs
BUMPR,Below_GRA_Obs
BURL,Below_GRA_Obs
BURNLC,AB_JOHNSC
BUTCHC,Below_GRA_Obs
BUTCHP,Below_GRA_Obs
BVAL2C,AB_HYC
BVRLYI,Below_GRA_Obs
CABINC,AB_TAY
CABLNF,Below_GRA_Obs
CALAPR,Below_GRA_Obs
CAMASC,MFSR_OBS
CAMP2C,Below_GRA_Obs
CAMP3C,AB_KRS
CAMP4C,AB_CMP
CAMPC,Below_GRA_Obs
CANALC,AB_LSHEEF
CANDLC,Below_GRA_Obs
CANY2C,AB_CAC
CANY3C,Below_GRA_Obs
CANY4C,Below_GRA_Obs
CANYOC,CANYOC
CAPEHC,MFSR_OBS
CARMEC,AB_CRC
CARP,Below_GRA_Obs
CARS,Below_GRA_Obs
CASC,Below_GRA_Obs
CASS,Below_GRA_Obs
CATCMF,AB_CCW
CATCNF,AB_CCW
CATCSF,AB_CCW
CATHEC,SNAKE_OBS
CATHEP,AB_CCW
CATHEW,CATHEW
CAVEC,AB_TAY
CBD,Below_GRA_Obs
CBDFBY,Below_GRA_Obs
CBLAIS,Below_GRA_Obs
CEDA2C,AB_JUL
CEDARC,Below_GRA_Obs
CEFLAF,AB_SW1
CFCT,Below_GRA_Obs
CFCTRP,AB_LRU
CFDNSC,Below_GRA_Obs
CFDSF2,Below_GRA_Obs
CFDSF3,Below_GRA_Obs
CFDTAL,Below_GRA_Obs
CGR,Below_GRA_Obs
CGRTAL,Below_GRA_Obs
CHALLC,AB_USI
CHAMBC,SALMON_OBS
CHAMPC,AB_SWT
CHAMWF,SALMON_OBS
CHANDL,Below_GRA_Obs
CHARLC,AB_CCA
CHEL,Below_GRA_Obs
CHELAR,Below_GRA_Obs
CHEWEC,Below_GRA_Obs
CHEWUP,Below_GRA_Obs
CHEWUR,Below_GRA_Obs
CHFARF,Below_GRA_Obs
CHIKAC,Below_GRA_Obs
CHINOR,Below_GRA_Obs
CHIP,Below_GRA_Obs
CHIW,Below_GRA_Obs
CHIWAC,Below_GRA_Obs
CHIWAR,Below_GRA_Obs
CHIWAT,Below_GRA_Obs
CHJO,Below_GRA_Obs
CHUMSC,Below_GRA_Obs
CISPUR,Below_GRA_Obs
CJRAP,SNAKE_OBS
CLARFP,Below_GRA_Obs
CLCKMS,Below_GRA_Obs
CLEA2C,Below_GRA_Obs
CLEA3C,Below_GRA_Obs
CLEARC,AB_CLC
CLEARP,Below_GRA_Obs
CLEBYP,Below_GRA_Obs
CLEE,Below_GRA_Obs
CLEFBY,Below_GRA_Obs
CLELMD,Below_GRA_Obs
CLELMR,Below_GRA_Obs
CLETAL,Below_GRA_Obs
CLRBIS,CLRBIS
CLRBR,Below_GRA_Obs
CLWH,CLEARWATER_OBS
CLWHNF,CLEARWATER_OBS
CLWR,CLEARWATER_OBS
CLWRMF,CLEARWATER_OBS
CLWRNF,CLEARWATER_OBS
CLWRSF,CLEARWATER_OBS
CLWTRP,CLEARWATER_OBS
COLR,COLR
COLR1,Below_GRA_Obs
COLR2,Below_GRA_Obs
COLR3,Below_GRA_Obs
COLR4,Below_GRA_Obs
COLR5,Below_GRA_Obs
COLR6,Below_GRA_Obs
COLR7,Below_GRA_Obs
COLR8,Below_GRA_Obs
COLR9,Below_GRA_Obs
COLTC,AB_LRU
COLTKC,AB_LRU
COLVLE,Below_GRA_Obs
COONSC,Below_GRA_Obs
COPPEC,Below_GRA_Obs
CORRAC,AB_JUL
COTN2C,Below_GRA_Obs
COTNWC,CLEARWATER_OBS
COTP,SNAKE_OBS
COTTWC,Below_GRA_Obs
COUG2C,AB_HLM
COUGRC,SNAKE_OBS
COULTC,Below_GRA_Obs
COULTP,Below_GRA_Obs
COW2C,AB_AGC
COWCR,AB_COC
COWEAP,Below_GRA_Obs
COWEER,Below_GRA_Obs
COWICC,Below_GRA_Obs
COWISF,Below_GRA_Obs
COWLR1,Below_GRA_Obs
COWLR2,Below_GRA_Obs
COWS,Below_GRA_Obs
COWT,Below_GRA_Obs
COYO2C,Below_GRA_Obs
COYOTC,Below_GRA_Obs
CRABP,Below_GRA_Obs
CRAZYC,AB_CZY
CRESCB,Below_GRA_Obs
CRESIS,Below_GRA_Obs
CROO2C,AB_TAY
CROOC,SALMON_OBS
CROOK1,Below_GRA_Obs
CROOKC,AB_LRU
CROOKP,AB_SC2
CROOKR,AB_SC2
CROP,AB_SC2
CROTRP,AB_SC2
CROW,AB_SC2
CROWC,Below_GRA_Obs
CRTRAP,Below_GRA_Obs
CRUIKS,AB_CAC
CTWD3C,SNAKE_OBS
CUBC,Below_GRA_Obs
CUNNSL,Below_GRA_Obs
CURP,AB_UTR
DAGGEC,MFSR_OBS
DAVISC,Below_GRA_Obs
DAYP,Below_GRA_Obs
DEAD2C,Below_GRA_Obs
DEAD3C,Below_GRA_Obs
DEADMC,AB_LRU
DEADNF,Below_GRA_Obs
DECKEC,AB_SWT
DEEPCK,Below_GRA_Obs
DEERC,AB_LRW
DESCH1,Below_GRA_Obs
DESCH2,Below_GRA_Obs
DET,Below_GRA_Obs
DETFBY,Below_GRA_Obs
DETTAL,Below_GRA_Obs
DEX,Below_GRA_Obs
DEXTAL,Below_GRA_Obs
DHORNC,Below_GRA_Obs
DILACC,Below_GRA_Obs
DISOWN,DISOWN
DOGRVR,Below_GRA_Obs
DRANOL,Below_GRA_Obs
DRIFTC,Below_GRA_Obs
DRNP,Below_GRA_Obs
DRY,Below_GRA_Obs
DRY2C,DRY2C
DRY3C,Below_GRA_Obs
DRYC,Below_GRA_Obs
DRYFBY,Below_GRA_Obs
DRYFCC,Below_GRA_Obs
DRYP,Below_GRA_Obs
DRYTAL,Below_GRA_Obs
DUNCAN,Below_GRA_Obs
DWOR,CLEARWATER_OBS
DWORMS,CLEARWATER_OBS
DWORNF,CLEARWATER_OBS
EAG2NF,Below_GRA_Obs
EAGH,Below_GRA_Obs
EAGL,EAGL
EAGL2C,Below_GRA_Obs
EAGLEC,AB_SW2
EARLWC,Below_GRA_Obs
EASTOP,Below_GRA_Obs
EBNK,Below_GRA_Obs
EDEERC,Below_GRA_Obs
EFHORC,Below_GRA_Obs
EFPTRP,EFPTRP
EFPW,EFPW
EIGH2C,Below_GRA_Obs
EIGHTC,Below_GRA_Obs
ELDORC,AB_LC2
ELK2C,AB_SFG
ELK3C,AB_USI
ELKC,MFSR_OBS
ELRH,Below_GRA_Obs
ENTH,Below_GRA_Obs
ENTIAR,Below_GRA_Obs
ENTRTP,Below_GRA_Obs
ESANIS,Below_GRA_Obs
ETIENC,Below_GRA_Obs
FAL,Below_GRA_Obs
FALL2C,Below_GRA_Obs
FALLC,MFSR_OBS
FALTAL,Below_GRA_Obs
FDDFBY,Below_GRA_Obs
FDDTAL,Below_GRA_Obs
FEATHC,AB_HLM
FEEDCN,Below_GRA_Obs
FIRSTC,Below_GRA_Obs
FISHC,AB_FISTRP
FISHEC,AB_SWT
FISTRP,FISTRP
FITSUC,AB_SFG
FIVE2C,Below_GRA_Obs
FIVEMC,AB_SC2
FLATC,AB_ZEN
FLOSSC,SALMON_OBS
FLUMEC,AB_AGC
FOGDEW,Below_GRA_Obs
FOSFBY,Below_GRA_Obs
FOSTAL,Below_GRA_Obs
FOSTC,Below_GRA_Obs
FOUNDI,Below_GRA_Obs
FOXC,Below_GRA_Obs
FREEZC,FREEZC
FRENCC,AB_SWT
FRENCH,SALMON_OBS
GABLEC,Below_GRA_Obs
GATEC,Below_GRA_Obs
GEDCWF,AB_SW2
GEDNEC,AB_SW2
GEECR,Below_GRA_Obs
GEORGC,GEORGC
GERMC,Below_GRA_Obs
GOATC,AB_KRS
GOATWP,Below_GRA_Obs
GOLD2C,Below_GRA_Obs
GOLD3C,Below_GRA_Obs
GOLD4C,Below_GRA_Obs
GOLDC,AB_SWT
GOOS2I,Below_GRA_Obs
GOOSEI,Below_GRA_Obs
GRAND1,SNAKE_OBS
GRAND2,SNAKE_OBS
GRANDP,GRANDP
GRANDR,GRANDR
GRANDW,GRANDW
GRAYH,Below_GRA_Obs
GRAYSR,Below_GRA_Obs
GRBLDC,Below_GRA_Obs
GREENR,Below_GRA_Obs
GREEPC,Below_GRA_Obs
GRNTRP,SNAKE_OBS
GROUSC,AB_ZEN
GUMBTC,GUMBTC
HADENC,Below_GRA_Obs
HADESF,Below_GRA_Obs
HAGE,HAGE
HALLC,Below_GRA_Obs
HANGC,Below_GRA_Obs
HANSPC,Below_GRA_Obs
HANTWN,Below_GRA_Obs
HANWTB,Below_GRA_Obs
HARDC,SALMON_OBS
HATRCK,Below_GRA_Obs
HAWLYC,AB_HEC
HAYDEF,HAYDEF
HAYDNC,AB_HYC
HAYNSC,AB_LLR
HAZARC,SALMON_OBS
HCD,SNAKE_OBS
HCDTAL,SNAKE_OBS
HCR,Below_GRA_Obs
HCRFBY,Below_GRA_Obs
HCRREG,Below_GRA_Obs
HCRTUR,Below_GRA_Obs
HELLRC,AB_SWT
HERDC,AB_USI
HERMAC,Below_GRA_Obs
HINDOC,Below_GRA_Obs
HLK,Below_GRA_Obs
HLKTAL,Below_GRA_Obs
HOGIS,HOGIS
HOODEF,Below_GRA_Obs
HOODMF,Below_GRA_Obs
HOODR,Below_GRA_Obs
HOODWF,Below_GRA_Obs
HORS2C,Below_GRA_Obs
HORS3C,HORS3C
HORSEC,SALMON_OBS
HUCKLC,AB_SWT
HUNGC,AB_FISTRP
HYDTRP,AB_HYC
I-90B,Below_GRA_Obs
ICICLC,Below_GRA_Obs
ICTRAP,Below_GRA_Obs
IHR,Below_GRA_Obs
IHRBYP,Below_GRA_Obs
IHRCOL,Below_GRA_Obs
IHRSPF,Below_GRA_Obs
IHRSPL,Below_GRA_Obs
IHRTAL,Below_GRA_Obs
IHRTRB,Below_GRA_Obs
IMNAHR,SNAKE_OBS
IMNAHW,IMNAHW
IMNTRP,SNAKE_OBS
IMQP,Below_GRA_Obs
INDI2C,Below_GRA_Obs
INDIAC,MFSR_OBS
INDINC,Below_GRA_Obs
INKANC,Below_GRA_Obs
IRON2C,Below_GRA_Obs
IRONC,AB_USI
IRRI,Below_GRA_Obs
IS18,Below_GRA_Obs
JACK2C,Below_GRA_Obs
JACKC,Below_GRA_Obs
JACKCP,Below_GRA_Obs
JACKSC,CLEARWATER_OBS
JDA,Below_GRA_Obs
JDABYP,Below_GRA_Obs
JDACOL,Below_GRA_Obs
JDAFBY,Below_GRA_Obs
JDAGAT,Below_GRA_Obs
JDAGWL,Below_GRA_Obs
JDALD1,Below_GRA_Obs
JDALD2,Below_GRA_Obs
JDAMRT,Below_GRA_Obs
JDAR,JDAR
JDAR1,Below_GRA_Obs
JDAR2,Below_GRA_Obs
JDARMF,Below_GRA_Obs
JDARNF,Below_GRA_Obs
JDARRR,Below_GRA_Obs
JDARSF,Below_GRA_Obs
JDATAL,Below_GRA_Obs
JERSEC,SALMON_OBS
JNSCAS,Below_GRA_Obs
JOHN2C,Below_GRA_Obs
JOHNC,AB_SC2
JOHNSC,JOHNSC
JOHTRP,AB_ESS
JOSEPC,JOSEPC
JSFBC,Below_GRA_Obs
JSFDC,Below_GRA_Obs
JSFMC,Below_GRA_Obs
JSFWC,Below_GRA_Obs
JUNGLC,Below_GRA_Obs
KALA,Below_GRA_Obs
KALAMR,Below_GRA_Obs
KENYC,AB_KEN
KETTLR,Below_GRA_Obs
KLICKR,Below_GRA_Obs
KLIH,Below_GRA_Obs
KLMTHR,KLMTHR
KNAPPC,MFSR_OBS
KNOXB,SALSFW
KOOS,AB_CLC
KOTH,KOTH
LAKE2C,Below_GRA_Obs
LAKE3C,Below_GRA_Obs
LAKEBR,Below_GRA_Obs
LAKEC,AB_ZEN
LAPC,AB_LAP
LASTC,Below_GRA_Obs
LAURLK,Below_GRA_Obs
LBCWF,AB_KHS
LBEARC,AB_KHS
LBLDRC,Below_GRA_Obs
LBOULC,AB_JUL
LBRIC,Below_GRA_Obs
LCATHC,AB_CCW
LEAB,Below_GRA_Obs
LEABYP,Below_GRA_Obs
LEAFBY,Below_GRA_Obs
LEATAL,Below_GRA_Obs
LEAV,Below_GRA_Obs
LEB,Below_GRA_Obs
LEBFBY,Below_GRA_Obs
LEBLDS,Below_GRA_Obs
LEEC,AB_LCL
LEMHIR,AB_LLR
LEMHIW,AB_LRW
LEMONC,Below_GRA_Obs
LEMTRP,AB_LRW
LENLKE,Below_GRA_Obs
LEOPOC,AB_JUL
LEWCLK,Below_GRA_Obs
LEWH,Below_GRA_Obs
LEWIEF,Below_GRA_Obs
LEWISP,Below_GRA_Obs
LEWISR,Below_GRA_Obs
LGR,Below_GRA_Obs
LGRBPS,Below_GRA_Obs
LGRBYP,Below_GRA_Obs
LGRCOL,Below_GRA_Obs
LGRDTG,Below_GRA_Obs
LGRDWT,Below_GRA_Obs
LGRFBY,Below_GRA_Obs
LGRGAT,Below_GRA_Obs
LGRGWL,Below_GRA_Obs
LGRICE,Below_GRA_Obs
LGRLDR,GRA
LGRMRT,Below_GRA_Obs
LGROFL,Below_GRA_Obs
LGRORI,Below_GRA_Obs
LGRRBR,Below_GRA_Obs
LGRRRR,Below_GRA_Obs
LGRRTR,Below_GRA_Obs
LGRRXR,Below_GRA_Obs
LGRSEP,Below_GRA_Obs
LGRSPL,Below_GRA_Obs
LGRSTS,Below_GRA_Obs
LGRTAL,Below_GRA_Obs
LGRTRB,Below_GRA_Obs
LGS,Below_GRA_Obs
LGSBPS,Below_GRA_Obs
LGSBYP,Below_GRA_Obs
LGSCOL,Below_GRA_Obs
LGSDTG,Below_GRA_Obs
LGSDWT,Below_GRA_Obs
LGSFBY,Below_GRA_Obs
LGSGAT,Below_GRA_Obs
LGSGWL,Below_GRA_Obs
LGSICE,Below_GRA_Obs
LGSMRT,Below_GRA_Obs
LGSOFL,Below_GRA_Obs
LGSORI,Below_GRA_Obs
LGSRBR,Below_GRA_Obs
LGSRRR,Below_GRA_Obs
LGSRTR,Below_GRA_Obs
LGSRXR,Below_GRA_Obs
LGSSEP,Below_GRA_Obs
LGSSPL,Below_GRA_Obs
LGSSTS,Below_GRA_Obs
LGSTAL,Below_GRA_Obs
LGSTRB,Below_GRA_Obs
LHOGIS,LHOGIS
LIBBYC,Below_GRA_Obs
LICK2C,AB_BSC
LICK3C,Below_GRA_Obs
LICKC,AB_ZEN
LINEC,Below_GRA_Obs
LIT8MC,AB_LRW
LITCAC,CLEARWATER_OBS
LITNGC,AB_IR1
LITTLC,Below_GRA_Obs
LKLICR,Below_GRA_Obs
LLRTP,AB_LLR
LLSPRC,AB_LLS
LMEMIS,Below_GRA_Obs
LMILIS,Below_GRA_Obs
LMN,Below_GRA_Obs
LMNBPS,Below_GRA_Obs
LMNBYP,Below_GRA_Obs
LMNCOL,Below_GRA_Obs
LMNDTG,Below_GRA_Obs
LMNDWT,Below_GRA_Obs
LMNFBY,Below_GRA_Obs
LMNGAT,Below_GRA_Obs
LMNGWL,Below_GRA_Obs
LMNICE,Below_GRA_Obs
LMNMRT,Below_GRA_Obs
LMNOFL,Below_GRA_Obs
LMNORI,Below_GRA_Obs
LMNRBR,Below_GRA_Obs
LMNRRR,Below_GRA_Obs
LMNRTR,Below_GRA_Obs
LMNRXR,Below_GRA_Obs
LMNSEP,Below_GRA_Obs
LMNSPL,Below_GRA_Obs
LMNSTS,Below_GRA_Obs
LMNTAL,Below_GRA_Obs
LMNTRB,Below_GRA_Obs
LMONIS,Below_GRA_Obs
LNSANR,Below_GRA_Obs
LOCHSA,LOCHSA
LOCTRP,CLEARWATER_OBS
LOGANC,AB_TAY
LOGCC,Below_GRA_Obs
LOGYC,Below_GRA_Obs
LOLOC,AB_LC2
LONERC,Below_GRA_Obs
LOOH,LOOKGC
LOOKGC,LOOKGC
LOONC,MFSR_OBS
LOONYC,Below_GRA_Obs
LOPTAL,Below_GRA_Obs
LOSTC,Below_GRA_Obs
LOSTIP,LOSTIP
LOSTIR,AB_LOSTIW
LOSTIW,LOSTIW
LOSTR,Below_GRA_Obs
LOUIEC,Below_GRA_Obs
LOUPLC,Below_GRA_Obs
LRSNKC,Below_GRA_Obs
LSALR,SALMON_OBS
LSFTRP,AB_SFG
LSHEEC,AB_LSHEEF
LSHEEF,LSHEEF
LTIMBC,AB_BTM
LTNACR,Below_GRA_Obs
LTNANF,Below_GRA_Obs
LUGUAF,AB_SC2
LUNION,Below_GRA_Obs
LWBEAR,Below_GRA_Obs
LWCEDR,Below_GRA_Obs
LWDTAL,Below_GRA_Obs
LWENAT,Below_GRA_Obs
LWISSQ,Below_GRA_Obs
LWSALR,Below_GRA_Obs
LWSCCL,Below_GRA_Obs
LWSCFC,Below_GRA_Obs
LWSCMC,Below_GRA_Obs
LWSCML,Below_GRA_Obs
LWSH,Below_GRA_Obs
LYFE,Below_GRA_Obs
LYLFAT,Below_GRA_Obs
MADRVR,Below_GRA_Obs
MAHOGC,MAHOGC
MANASC,Below_GRA_Obs
MANCRS,Below_GRA_Obs
MARI,Below_GRA_Obs
MARIOC,Below_GRA_Obs
MARION,Below_GRA_Obs
MARSHC,MFSR_OBS
MARTR2,MFSR_OBS
MARTRP,MFSR_OBS
MASON,Below_GRA_Obs
MAVA,MAVA
MCCA,SALSFW
MCCULC,AB_LSHEEF
MCDEVC,AB_LLR
MCITAL,Below_GRA_Obs
MCKA2C,Below_GRA_Obs
MCKAYC,Below_GRA_Obs
MCKE,Below_GRA_Obs
MCKER,Below_GRA_Obs
MCKESF,Below_GRA_Obs
MCN,Below_GRA_Obs
MCNBPS,Below_GRA_Obs
MCNBYP,Below_GRA_Obs
MCNCOL,Below_GRA_Obs
MCNDTG,Below_GRA_Obs
MCNDWT,Below_GRA_Obs
MCNFBY,Below_GRA_Obs
MCNGAT,Below_GRA_Obs
MCNGWL,Below_GRA_Obs
MCNICE,Below_GRA_Obs
MCNLD1,Below_GRA_Obs
MCNMRT,Below_GRA_Obs
MCNOFL,Below_GRA_Obs
MCNORI,Below_GRA_Obs
MCNRBR,Below_GRA_Obs
MCNRRR,Below_GRA_Obs
MCNRTR,Below_GRA_Obs
MCNRXR,Below_GRA_Obs
MCNSEP,Below_GRA_Obs
MCNSPL,Below_GRA_Obs
MCNSRR,Below_GRA_Obs
MCNSTS,Below_GRA_Obs
MCNTAL,Below_GRA_Obs
MCNTRB,Below_GRA_Obs
MDSH,Below_GRA_Obs
MDVAP,Below_GRA_Obs
MEACHC,Below_GRA_Obs
MEACHE,Below_GRA_Obs
MEACHN,Below_GRA_Obs
MEAD2C,AB_SC2
MEADOC,AB_SW2
MEGC,Below_GRA_Obs
MERH,Below_GRA_Obs
METH,Below_GRA_Obs
METHR,Below_GRA_Obs
METOLR,Below_GRA_Obs
METRO,Below_GRA_Obs
METTRP,Below_GRA_Obs
MFD,Below_GRA_Obs
MFDFTF,Below_GRA_Obs
MFDLBN,Below_GRA_Obs
MFDLBS,Below_GRA_Obs
MFDSEP,Below_GRA_Obs
MFLBC,Below_GRA_Obs
MHPFBY,Below_GRA_Obs
MHPTAL,Below_GRA_Obs
MILL2C,AB_SC2
MILL3C,Below_GRA_Obs
MILL4C,Below_GRA_Obs
MILL5C,AB_LRW
MILLC,Below_GRA_Obs
MINAMR,AB_MR1
MINKC,AB_SW2
MINP,Below_GRA_Obs
MIS2EF,Below_GRA_Obs
MISS2C,Below_GRA_Obs
MISSC,AB_MIS
MISSNC,Below_GRA_Obs
MLAK2C,Below_GRA_Obs
MLRSNI,Below_GRA_Obs
MOLALR,Below_GRA_Obs
MONCWF,AB_TAY
MONT,Below_GRA_Obs
MONUMC,AB_TAY
MOONSC,Below_GRA_Obs
MOOS2C,AB_SW2
MOOS2N,AB_SW2
MOOS3C,AB_HLM
MOOSEC,SALMON_OBS
MOSESC,Below_GRA_Obs
MOYERC,AB_PCA
MPOTLC,AB_JUL
MSANTR,Below_GRA_Obs
MSKF,Below_GRA_Obs
MSLA2C,Below_GRA_Obs
MUDDYP,Below_GRA_Obs
MUDDYR,Below_GRA_Obs
MULTCH,Below_GRA_Obs
MURDSF,Below_GRA_Obs
MUSCRC,AB_PCA
MVFLAP,Below_GRA_Obs
MXWLCN,Below_GRA_Obs
NAF,Below_GRA_Obs
NAPEEC,Below_GRA_Obs
NASONC,Below_GRA_Obs
NATCHR,Below_GRA_Obs
NBG,Below_GRA_Obs
NBGFBY,Below_GRA_Obs
NBGTAL,Below_GRA_Obs
NEALC,Below_GRA_Obs
NESPR,Below_GRA_Obs
NEWSOC,AB_SC2
NFCHEW,Below_GRA_Obs
NFLBC,Below_GRA_Obs
NFSTRP,SALMON_OBS
NFTEAN,Below_GRA_Obs
NILEC,Below_GRA_Obs
NISP,NISP
NLVP,NLVP
NNANAC,Below_GRA_Obs
NONE,NONE
NPTH,CLEARWATER_OBS
NSANTR,Below_GRA_Obs
NSCAPC,Below_GRA_Obs
OAKC,Below_GRA_Obs
OASP,Below_GRA_Obs
OCEAN,OCEAN
OCHOCC,Below_GRA_Obs
OHARAC,AB_SW1
OKANR,Below_GRA_Obs
OKRCRY,Below_GRA_Obs
OLDMAC,AB_LRU
OMAKC,Below_GRA_Obs
OMAKP,Below_GRA_Obs
ONAF,Below_GRA_Obs
ONIONC,Below_GRA_Obs
OROFC,CLEARWATER_OBS
ORPHAN,ORPHAN
OSOYBR,Below_GRA_Obs
OSOYHA,Below_GRA_Obs
OSOYOL,Below_GRA_Obs
OXBH,Below_GRA_Obs
OXBO,SNAKE_OBS
PAHH,AB_PAHSIW
PAHP,AB_PAHSIW
PAHSIR,SALMON_OBS
PAHSIW,PAHSIW
PAHTRP,AB_PAHSIW
PANT2C,Below_GRA_Obs
PANTHC,AB_PCA
PAPOOC,AB_LRU
PARK,Below_GRA_Obs
PARTRC,SALMON_OBS
PATAHC,PATAHC
PATITC,Below_GRA_Obs
PATTEC,AB_LLR
PEARSC,Below_GRA_Obs
PELTON,Below_GRA_Obs
PENAWC,PENAWC
PENP,Below_GRA_Obs
PER,Below_GRA_Obs
PERAFT,Below_GRA_Obs
PERTAL,Below_GRA_Obs
PESHAR,Below_GRA_Obs
PETEKC,AB_LRU
PETTL,AB_SWT
PETTLC,AB_SWT
PHOEBC,AB_KRS
PIAHC,AB_ZEN
PINE2C,AB_PCM
PINEC,Below_GRA_Obs
PINHC,Below_GRA_Obs
PISTOC,MFSR_OBS
PIVASC,AB_JUL
PLAP,SNAKE_OBS
POISNC,AB_USI
POLEC,AB_SWT
POSTOC,AB_LRU
POTATC,Below_GRA_Obs
POTHOL,Below_GRA_Obs
POTR,AB_JUL
POTREF,AB_JUL
POTRWF,AB_HLM
POWP,AB_LRU
PRATTC,AB_LLR
PRD,Below_GRA_Obs
PRDFBY,Below_GRA_Obs
PRDGWL,Below_GRA_Obs
PRDH,Below_GRA_Obs
PRDLD1,Below_GRA_Obs
PRDMRT,Below_GRA_Obs
PRDTAL,Below_GRA_Obs
PROFBY,Below_GRA_Obs
PROH,Below_GRA_Obs
PROSRD,Below_GRA_Obs
PROSRR,Below_GRA_Obs
PROTAL,Below_GRA_Obs
PROTRP,Below_GRA_Obs
PURDUC,AB_HLM
PWD,Below_GRA_Obs
PWDFBY,Below_GRA_Obs
QKASPC,AB_LRW
QRTZC,Below_GRA_Obs
RAMSYC,Below_GRA_Obs
RAPH,RAPH
RAPIDR,SALMON_OBS
RAPIWF,RAPH
RAPR,MFSR_OBS
RATTLC,Below_GRA_Obs
RCK5RF,Below_GRA_Obs
REDFL,AB_USI
REDFLC,AB_USI
REDMOC,AB_LSHEEF
REDP,AB_SC2
REDR,REDR
REDRSF,AB_SC2
REDTRP,AB_SC2
REECEC,Below_GRA_Obs
RELIEC,AB_SC2
RESVRC,AB_LRW
RGRSPC,Below_GRA_Obs
RI2BYP,Below_GRA_Obs
RICEC,AB_SALSFW
RICEIS,Below_GRA_Obs
RICHIS,Below_GRA_Obs
RINH,Below_GRA_Obs
RIS,Below_GRA_Obs
RISFWC,Below_GRA_Obs
RISMRT,Below_GRA_Obs
RISTAL,Below_GRA_Obs
RIVERP,Below_GRA_Obs
RLCTRP,AB_USI
ROARC,Below_GRA_Obs
ROBU,Below_GRA_Obs
ROCK2C,Below_GRA_Obs
ROCK3C,Below_GRA_Obs
ROCK4C,Below_GRA_Obs
ROCK5C,Below_GRA_Obs
ROCKC,Below_GRA_Obs
ROCKIS,Below_GRA_Obs
ROGUER,ROGUER
ROLFIP,Below_GRA_Obs
ROSAD,Below_GRA_Obs
ROU,Below_GRA_Obs
ROUFTF,Below_GRA_Obs
ROUTAL,Below_GRA_Obs
ROZBYP,Below_GRA_Obs
ROZFBY,Below_GRA_Obs
ROZLDR,Below_GRA_Obs
ROZTAL,Below_GRA_Obs
RPDTRP,RAPH
RRE,Below_GRA_Obs
RREBYP,Below_GRA_Obs
RRERRR,Below_GRA_Obs
RRETAL,Below_GRA_Obs
RSNAKC,Below_GRA_Obs
RSNANF,Below_GRA_Obs
RSSNIS,Below_GRA_Obs
RUBYC,AB_ZEN
RUNNIC,AB_SW2
RUSHC,AB_TAY
RUSHWF,AB_TAY
RYANC,Below_GRA_Obs
SABEC,SALMON_OBS
SACRMR,SACRMR
SAEFSF,AB_SFG
SALEFT,SALEFT
SALEFW,SALEFT
SALMF1,MFSR_OBS
SALMF2,MFSR_OBS
SALMOC,Below_GRA_Obs
SALR,SALR
SALR1,SALMON_OBS
SALR2,SALMON_OBS
SALR3,SALMON_OBS
SALR4,AB_USI
SALREF,SALMON_OBS
SALRMF,MFSR_OBS
SALRNF,AB_NFS
SALRSF,AB_KRS
SALSFW,SALSFW
SALTC,AB_BSC
SALTRP,SALMON_OBS
SANPR,Below_GRA_Obs
SANPWF,Below_GRA_Obs
SANTIR,Below_GRA_Obs
SATUSC,Below_GRA_Obs
SAWT,SAWT
SAWTRP,AB_SWT
SCAPPB,Below_GRA_Obs
SCAPPC,Below_GRA_Obs
SCHAFC,Below_GRA_Obs
SECESR,AB_ZEN
SECTRP,AB_ZEN
SELWY1,CLEARWATER_OBS
SELWY2,AB_SW2
SELWYR,SELWYR
SERH,Below_GRA_Obs
SFCHEW,Below_GRA_Obs
SFLBC,Below_GRA_Obs
SFSRKT,AB_SFG
SFSTRP,SALSFW
SGOLDC,Below_GRA_Obs
SHATFD,Below_GRA_Obs
SHEEPC,SALMON_OBS
SHEPC,MFSR_OBS
SHERFT,Below_GRA_Obs
SHIMC,Below_GRA_Obs
SHINGC,Below_GRA_Obs
SHPFBY,Below_GRA_Obs
SHPTAL,Below_GRA_Obs
SHTIKC,Below_GRA_Obs
SHUTTC,Below_GRA_Obs
SILVEC,Below_GRA_Obs
SIMCNF,Below_GRA_Obs
SIMCOC,Below_GRA_Obs
SIMILP,Below_GRA_Obs
SIMILR,Below_GRA_Obs
SIMP,Below_GRA_Obs
SKAHAL,Below_GRA_Obs
SKAM,Below_GRA_Obs
SKATAL,Below_GRA_Obs
SKIPAR,Below_GRA_Obs
SKIPAW,Below_GRA_Obs
SKOKNF,Below_GRA_Obs
SLAT2C,AB_USI
SLATEC,SALMON_OBS
SLFTIS,SLFTIS
SMILEC,AB_SWT
SMITHC,AB_TAY
SNAKE1,Below_GRA_Obs
SNAKE2,Below_GRA_Obs
SNAKE3,SNAKE_OBS
SNAKE4,SNAKE_OBS
SNAKER,SNAKER
SNANAC,Below_GRA_Obs
SNDTAP,Below_GRA_Obs
SNKTRP,SNAKE_OBS
SNOSLC,AB_TAY
SNYDEC,Below_GRA_Obs
SPALD,SPALD
SPOKR1,Below_GRA_Obs
SPOKR2,Below_GRA_Obs
SPRAGL,SPRAGL
SPRC,Below_GRA_Obs
SPRF,SPRF
SQAW2C,AB_USI
SQAW3C,Below_GRA_Obs
SQAW4C,Below_GRA_Obs
SQAWC,Below_GRA_Obs
SQUAWC,AB_LRU
SQUAWP,AB_USI
SSANTR,Below_GRA_Obs
SSD,Below_GRA_Obs
SSDSRR,Below_GRA_Obs
SSDTAL,Below_GRA_Obs
SSIDEC,Below_GRA_Obs
SSIDES,Below_GRA_Obs
STAFFC,Below_GRA_Obs
STANLC,AB_USI
STANLE,AB_YNK
STAPAC,Below_GRA_Obs
STFH,Below_GRA_Obs
STMARP,Below_GRA_Obs
STOLP,AB_SALSFW
STOR2C,Below_GRA_Obs
STORMC,AB_LRU
SUGARC,AB_ESS
SUL,Below_GRA_Obs
SULBPS,Below_GRA_Obs
SULBYP,Below_GRA_Obs
SULFBY,Below_GRA_Obs
SULFDS,Below_GRA_Obs
SULFUC,MFSR_OBS
SULSEP,Below_GRA_Obs
SULTRB,Below_GRA_Obs
SUMI2C,Below_GRA_Obs
SUMI3C,Below_GRA_Obs
SUMITC,AB_ZEN
SWALEC,Below_GRA_Obs
SWAUKC,Below_GRA_Obs
SWEETC,AB_SWT
SWLWPK,SWLWPK
SWSP,CLEARWATER_OBS
TANESF,Below_GRA_Obs
TANEUC,Below_GRA_Obs
TANNEC,Below_GRA_Obs
TDA,Below_GRA_Obs
TDAICE,Below_GRA_Obs
TDAMRT,Below_GRA_Obs
TDASPF,Below_GRA_Obs
TDASPL,Below_GRA_Obs
TDASPT,Below_GRA_Obs
TDATAL,Below_GRA_Obs
TDATRB,Below_GRA_Obs
TEANAR,Below_GRA_Obs
TEANMF,Below_GRA_Obs
TEANWF,Below_GRA_Obs
TENMC2,TENMC2
TENMIC,AB_SC2
TENNAI,Below_GRA_Obs
TEPEEC,Below_GRA_Obs
TEPEEF,Below_GRA_Obs
TEXASC,AB_18M
TEXC,Below_GRA_Obs
THOMC,Below_GRA_Obs
THOP,Below_GRA_Obs
TIETNR,Below_GRA_Obs
TILLIC,Below_GRA_Obs
TMFFBY,Below_GRA_Obs
TMFTAL,Below_GRA_Obs
TONASC,Below_GRA_Obs
TOPPEC,Below_GRA_Obs
TOUCHR,Below_GRA_Obs
TOULOU,Below_GRA_Obs
TOUT,Below_GRA_Obs
TOUTLR,Below_GRA_Obs
TOUTNF,Below_GRA_Obs
TOWERC,SALMON_OBS
TRAILC,AB_HYC
TRINR,Below_GRA_Obs
TRONC,Below_GRA_Obs
TROU2C,Below_GRA_Obs
TROUTC,Below_GRA_Obs
TRYOC,Below_GRA_Obs
TSHIMC,Below_GRA_Obs
TSUGCR,Below_GRA_Obs
TUCH,AB_UTR
TUCR,AB_LTR
TUM,Below_GRA_Obs
TUMFBY,Below_GRA_Obs
TUNKC,Below_GRA_Obs
TURNCR,Below_GRA_Obs
TURO,Below_GRA_Obs
TUTUIC,Below_GRA_Obs
TWIS2P,Below_GRA_Obs
TWISPP,Below_GRA_Obs
TWISPR,Below_GRA_Obs
TWISPW,Below_GRA_Obs
TWITRP,Below_GRA_Obs
TWNMIC,AB_SC2
TWNMIT,AB_SC2
UKNWRC,Below_GRA_Obs
UMAH,Below_GRA_Obs
UMAR,Below_GRA_Obs
UMATNF,Below_GRA_Obs
UMATSF,Below_GRA_Obs
UMPQAR,Below_GRA_Obs
UMTANC,Below_GRA_Obs
UWH,Below_GRA_Obs
VALEYC,AB_VC2
VASEUX,Below_GRA_Obs
VATC,AB_SWT
VDS3,Below_GRA_Obs
VGISNB,Below_GRA_Obs
VIENTC,Below_GRA_Obs
VNGRC,Below_GRA_Obs
WAHA,Below_GRA_Obs
WALH,AB_WR2
WALLAR,Below_GRA_Obs
WALLIS,Below_GRA_Obs
WALLNF,Below_GRA_Obs
WALLOR,SNAKE_OBS
WALLSF,Below_GRA_Obs
WANACC,Below_GRA_Obs
WANBYP,Below_GRA_Obs
WANFBY,Below_GRA_Obs
WANGWL,Below_GRA_Obs
WANLD1,Below_GRA_Obs
WANLD2,Below_GRA_Obs
WANMRT,Below_GRA_Obs
WANSPL,Below_GRA_Obs
WANTAL,Below_GRA_Obs
WANTRB,Below_GRA_Obs
WAP,Below_GRA_Obs
WAPATC,Below_GRA_Obs
WAPATD,Below_GRA_Obs
WAPATS,Below_GRA_Obs
WAPSRR,Below_GRA_Obs
WAPTAL,Below_GRA_Obs
WARMSC,AB_LRU
WARMSR,Below_GRA_Obs
WASHOR,Below_GRA_Obs
WASHWF,Below_GRA_Obs
WBIRDC,SALMON_OBS
WEBBC,AB_WEB
WEL,Below_GRA_Obs
WELFBY,Below_GRA_Obs
WELH,Below_GRA_Obs
WELLD1,Below_GRA_Obs
WELLD2,Below_GRA_Obs
WELSBR,Below_GRA_Obs
WELTAL,Below_GRA_Obs
WENA2T,Below_GRA_Obs
WENA3T,Below_GRA_Obs
WENA4T,Below_GRA_Obs
WENASC,Below_GRA_Obs
WENATL,Below_GRA_Obs
WENATR,Below_GRA_Obs
WENATT,Below_GRA_Obs
WENR,AB_WEN
WENRNF,AB_WEN
WENRSF,AB_WEN
WHEELC,Below_GRA_Obs
WHITCC,AB_SW2
WHITEC,Below_GRA_Obs
WHITER,Below_GRA_Obs
WHITPC,Below_GRA_Obs
WHITSC,AB_LRU
WHITSR,Below_GRA_Obs
WHITWF,Below_GRA_Obs
WHSH,Below_GRA_Obs
WIDOWC,Below_GRA_Obs
WILD2C,Below_GRA_Obs
WILDCC,AB_CAC
WILDSC,Below_GRA_Obs
WILH,Below_GRA_Obs
WILL,Below_GRA_Obs
WILL2C,Below_GRA_Obs
WILLIC,AB_SWT
WILLR,WILLR
WILLR1,Below_GRA_Obs
WILLR2,Below_GRA_Obs
WILLR3,Below_GRA_Obs
WILMOC,Below_GRA_Obs
WILPB,Below_GRA_Obs
WILRMF,Below_GRA_Obs
WILSN2,Below_GRA_Obs
WILSNC,Below_GRA_Obs
WILSOC,MFSR_OBS
WIMPYC,WIMPYC
WIND2R,Below_GRA_Obs
WINDR,SALMON_OBS
WINT,Below_GRA_Obs
WINTBC,Below_GRA_Obs
WITHGC,AB_LLR
WOLFC,Below_GRA_Obs
WOODIS,Below_GRA_Obs
WOPTXD,Below_GRA_Obs
WPX,Below_GRA_Obs
WPXTAL,Below_GRA_Obs
WRIGTC,AB_HYC
WRNFMF,Below_GRA_Obs
WSPH,Below_GRA_Obs
WYCHUC,Below_GRA_Obs
WZDF,Below_GRA_Obs
YAKIM1,Below_GRA_Obs
YAKIM2,Below_GRA_Obs
YAKIMR,YAKIMR
YANKFK,AB_YNK
YANKWF,AB_YNK
YELHKC,Below_GRA_Obs
YELLJC,MFSR_OBS
YELLLC,AB_SWT
YOUNGB,Below_GRA_Obs
YPPL,AB_YPP
YRIANC,AB_LRW
ZENAC,AB_ZEN
ZENAWF,AB_ZEN
